msme_id,month,utility_type,units_consumed,sanctioned_load,payment_delay_days
msme_annapurna_002,2024-07-01,electricity,1461.8,20.0,0
msme_annapurna_002,2024-08-01,electricity,1461.38,20.0,0
msme_annapurna_002,2024-09-01,electricity,1324.81,20.0,24
msme_annapurna_002,2024-10-01,electricity,1478.46,20.0,0
msme_annapurna_002,2024-11-01,electricity,1503.82,20.0,0
msme_annapurna_002,2024-12-01,electricity,1483.6,20.0,0
msme_annapurna_002,2025-01-01,electricity,1670.12,20.0,3
msme_annapurna_002,2025-02-01,electricity,1771.29,20.0,0
msme_annapurna_002,2025-03-01,electricity,1822.62,20.0,0
msme_annapurna_002,2025-04-01,electricity,1764.38,20.0,7
msme_annapurna_002,2025-05-01,electricity,1741.48,20.0,8
msme_annapurna_002,2025-06-01,electricity,1687.57,20.0,30
msme_annapurna_002,2025-07-01,electricity,1628.04,20.0,1
msme_annapurna_002,2025-08-01,electricity,1268.37,20.0,0
msme_annapurna_002,2025-09-01,electricity,1442.71,20.0,0
msme_annapurna_002,2025-10-01,electricity,0.0,20.0,45
msme_annapurna_002,2025-11-01,electricity,1456.64,20.0,3
msme_annapurna_002,2025-12-01,electricity,1602.19,20.0,0
msme_annapurna_002,2026-01-01,electricity,1785.77,20.0,0
msme_annapurna_002,2026-02-01,electricity,1710.62,20.0,0
msme_annapurna_002,2026-03-01,electricity,1927.71,20.0,13
msme_annapurna_002,2026-04-01,electricity,1936.27,20.0,0
msme_annapurna_002,2026-05-01,electricity,1655.96,20.0,0
msme_annapurna_002,2026-06-01,electricity,1627.2,20.0,0
msme_artisantextiles_008,2024-07-01,electricity,1675.35,35.0,1
msme_artisantextiles_008,2024-08-01,electricity,1530.69,35.0,2
msme_artisantextiles_008,2024-09-01,electricity,1590.9,35.0,0
msme_artisantextiles_008,2024-10-01,electricity,1600.57,35.0,0
msme_artisantextiles_008,2024-11-01,electricity,1628.23,35.0,0
msme_artisantextiles_008,2024-12-01,electricity,1860.86,35.0,0
msme_artisantextiles_008,2025-01-01,electricity,1809.4,35.0,12
msme_artisantextiles_008,2025-02-01,electricity,1746.52,35.0,0
msme_artisantextiles_008,2025-03-01,electricity,2186.09,35.0,9
msme_artisantextiles_008,2025-04-01,electricity,0.0,35.0,45
msme_artisantextiles_008,2025-05-01,electricity,2103.06,35.0,0
msme_artisantextiles_008,2025-06-01,electricity,1943.67,35.0,15
msme_artisantextiles_008,2025-07-01,electricity,1770.17,35.0,7
msme_artisantextiles_008,2025-08-01,electricity,1463.12,35.0,8
msme_artisantextiles_008,2025-09-01,electricity,1569.73,35.0,12
msme_artisantextiles_008,2025-10-01,electricity,1626.73,35.0,0
msme_artisantextiles_008,2025-11-01,electricity,1658.59,35.0,0
msme_artisantextiles_008,2025-12-01,electricity,1869.14,35.0,7
msme_artisantextiles_008,2026-01-01,electricity,0.0,35.0,45
msme_artisantextiles_008,2026-02-01,electricity,2118.21,35.0,22
msme_artisantextiles_008,2026-03-01,electricity,1871.0,35.0,17
msme_artisantextiles_008,2026-04-01,electricity,1919.47,35.0,11
msme_artisantextiles_008,2026-05-01,electricity,2074.62,35.0,17
msme_artisantextiles_008,2026-06-01,electricity,0.0,35.0,45
msme_chaiexpress_007,2024-07-01,electricity,2591.54,50.0,0
msme_chaiexpress_007,2024-08-01,electricity,2332.16,50.0,0
msme_chaiexpress_007,2024-09-01,electricity,2492.88,50.0,0
msme_chaiexpress_007,2024-10-01,electricity,2407.6,50.0,0
msme_chaiexpress_007,2024-11-01,electricity,2641.46,50.0,0
msme_chaiexpress_007,2024-12-01,electricity,2928.27,50.0,0
msme_chaiexpress_007,2025-01-01,electricity,3229.81,50.0,0
msme_chaiexpress_007,2025-02-01,electricity,3331.44,50.0,4
msme_chaiexpress_007,2025-03-01,electricity,3306.93,50.0,0
msme_chaiexpress_007,2025-04-01,electricity,3148.72,50.0,0
msme_chaiexpress_007,2025-05-01,electricity,2952.79,50.0,0
msme_chaiexpress_007,2025-06-01,electricity,2613.12,50.0,0
msme_chaiexpress_007,2025-07-01,electricity,2730.3,50.0,5
msme_chaiexpress_007,2025-08-01,electricity,2439.66,50.0,0
msme_chaiexpress_007,2025-09-01,electricity,2367.74,50.0,0
msme_chaiexpress_007,2025-10-01,electricity,2530.77,50.0,0
msme_chaiexpress_007,2025-11-01,electricity,2525.4,50.0,0
msme_chaiexpress_007,2025-12-01,electricity,2770.04,50.0,0
msme_chaiexpress_007,2026-01-01,electricity,3173.46,50.0,0
msme_chaiexpress_007,2026-02-01,electricity,3188.75,50.0,0
msme_chaiexpress_007,2026-03-01,electricity,3286.76,50.0,0
msme_chaiexpress_007,2026-04-01,electricity,3306.43,50.0,0
msme_chaiexpress_007,2026-05-01,electricity,2990.2,50.0,0
msme_chaiexpress_007,2026-06-01,electricity,2578.93,50.0,0
msme_elitemotors_006,2024-07-01,electricity,8748.82,150.0,0
msme_elitemotors_006,2024-08-01,electricity,8137.74,150.0,0
msme_elitemotors_006,2024-09-01,electricity,7785.67,150.0,0
msme_elitemotors_006,2024-10-01,electricity,8118.65,150.0,0
msme_elitemotors_006,2024-11-01,electricity,8877.9,150.0,0
msme_elitemotors_006,2024-12-01,electricity,8838.47,150.0,0
msme_elitemotors_006,2025-01-01,electricity,9975.42,150.0,0
msme_elitemotors_006,2025-02-01,electricity,10242.5,150.0,0
msme_elitemotors_006,2025-03-01,electricity,10526.03,150.0,0
msme_elitemotors_006,2025-04-01,electricity,10962.47,150.0,0
msme_elitemotors_006,2025-05-01,electricity,9524.5,150.0,0
msme_elitemotors_006,2025-06-01,electricity,9393.62,150.0,0
msme_elitemotors_006,2025-07-01,electricity,8930.63,150.0,0
msme_elitemotors_006,2025-08-01,electricity,8668.43,150.0,0
msme_elitemotors_006,2025-09-01,electricity,7893.86,150.0,0
msme_elitemotors_006,2025-10-01,electricity,7809.97,150.0,0
msme_elitemotors_006,2025-11-01,electricity,8532.66,150.0,0
msme_elitemotors_006,2025-12-01,electricity,9212.36,150.0,0
msme_elitemotors_006,2026-01-01,electricity,10642.52,150.0,0
msme_elitemotors_006,2026-02-01,electricity,10946.63,150.0,0
msme_elitemotors_006,2026-03-01,electricity,10751.14,150.0,0
msme_elitemotors_006,2026-04-01,electricity,10633.83,150.0,0
msme_elitemotors_006,2026-05-01,electricity,10677.31,150.0,0
msme_elitemotors_006,2026-06-01,electricity,8682.78,150.0,0
msme_goldenharvest_005,2024-07-01,water,4513.22,40.0,0
msme_goldenharvest_005,2024-08-01,water,4220.12,40.0,0
msme_goldenharvest_005,2024-09-01,water,4182.03,40.0,0
msme_goldenharvest_005,2024-10-01,water,3728.12,40.0,73
msme_goldenharvest_005,2024-11-01,water,3922.69,40.0,2
msme_goldenharvest_005,2024-12-01,water,4601.61,40.0,0
msme_goldenharvest_005,2025-01-01,water,4830.06,40.0,0
msme_goldenharvest_005,2025-02-01,water,4829.99,40.0,0
msme_goldenharvest_005,2025-03-01,water,5157.82,40.0,0
msme_goldenharvest_005,2025-04-01,water,5223.63,40.0,0
msme_goldenharvest_005,2025-05-01,water,5141.83,40.0,0
msme_goldenharvest_005,2025-06-01,water,4494.86,40.0,0
msme_goldenharvest_005,2025-07-01,water,0.0,40.0,45
msme_goldenharvest_005,2025-08-01,water,3902.73,40.0,1
msme_goldenharvest_005,2025-09-01,water,4101.44,40.0,0
msme_goldenharvest_005,2025-10-01,water,3878.04,40.0,7
msme_goldenharvest_005,2025-11-01,water,4279.52,40.0,0
msme_goldenharvest_005,2025-12-01,water,4441.53,40.0,3
msme_goldenharvest_005,2026-01-01,water,4820.19,40.0,11
msme_goldenharvest_005,2026-02-01,water,5118.83,40.0,0
msme_goldenharvest_005,2026-03-01,water,0.0,40.0,45
msme_goldenharvest_005,2026-04-01,water,5293.98,40.0,0
msme_goldenharvest_005,2026-05-01,water,5280.49,40.0,2
msme_goldenharvest_005,2026-06-01,water,4540.44,40.0,0
msme_retailmart_004,2024-07-01,electricity,1965.1,30.0,0
msme_retailmart_004,2024-08-01,electricity,1789.65,30.0,0
msme_retailmart_004,2024-09-01,electricity,1771.5,30.0,0
msme_retailmart_004,2024-10-01,electricity,1916.23,30.0,0
msme_retailmart_004,2024-11-01,electricity,2002.04,30.0,0
msme_retailmart_004,2024-12-01,electricity,2127.22,30.0,0
msme_retailmart_004,2025-01-01,electricity,2389.87,30.0,0
msme_retailmart_004,2025-02-01,electricity,2500.05,30.0,0
msme_retailmart_004,2025-03-01,electricity,2390.12,30.0,0
msme_retailmart_004,2025-04-01,electricity,2574.66,30.0,5
msme_retailmart_004,2025-05-01,electricity,2115.81,30.0,17
msme_retailmart_004,2025-06-01,electricity,1825.77,30.0,0
msme_retailmart_004,2025-07-01,electricity,2119.54,30.0,0
msme_retailmart_004,2025-08-01,electricity,1851.26,30.0,0
msme_retailmart_004,2025-09-01,electricity,1719.7,30.0,5
msme_retailmart_004,2025-10-01,electricity,1771.68,30.0,0
msme_retailmart_004,2025-11-01,electricity,1961.38,30.0,0
msme_retailmart_004,2025-12-01,electricity,2095.18,30.0,0
msme_retailmart_004,2026-01-01,electricity,2369.27,30.0,0
msme_retailmart_004,2026-02-01,electricity,2312.5,30.0,18
msme_retailmart_004,2026-03-01,electricity,2476.96,30.0,0
msme_retailmart_004,2026-04-01,electricity,2342.04,30.0,0
msme_retailmart_004,2026-05-01,electricity,2183.23,30.0,0
msme_retailmart_004,2026-06-01,electricity,2024.28,30.0,0
msme_sakhi_001,2024-07-01,electricity,3252.66,50.0,0
msme_sakhi_001,2024-08-01,electricity,3234.27,50.0,0
msme_sakhi_001,2024-09-01,electricity,2918.46,50.0,0
msme_sakhi_001,2024-10-01,electricity,2791.65,50.0,0
msme_sakhi_001,2024-11-01,electricity,2794.45,50.0,0
msme_sakhi_001,2024-12-01,electricity,3766.45,50.0,0
msme_sakhi_001,2025-01-01,electricity,3688.93,50.0,0
msme_sakhi_001,2025-02-01,electricity,4299.41,50.0,0
msme_sakhi_001,2025-03-01,electricity,4091.59,50.0,0
msme_sakhi_001,2025-04-01,electricity,3744.46,50.0,0
msme_sakhi_001,2025-05-01,electricity,3738.91,50.0,0
msme_sakhi_001,2025-06-01,electricity,3334.52,50.0,0
msme_sakhi_001,2025-07-01,electricity,3026.01,50.0,0
msme_sakhi_001,2025-08-01,electricity,2796.7,50.0,0
msme_sakhi_001,2025-09-01,electricity,3065.57,50.0,0
msme_sakhi_001,2025-10-01,electricity,3088.96,50.0,0
msme_sakhi_001,2025-11-01,electricity,3148.91,50.0,0
msme_sakhi_001,2025-12-01,electricity,3586.93,50.0,0
msme_sakhi_001,2026-01-01,electricity,3904.37,50.0,0
msme_sakhi_001,2026-02-01,electricity,3802.01,50.0,0
msme_sakhi_001,2026-03-01,electricity,4041.41,50.0,0
msme_sakhi_001,2026-04-01,electricity,3872.57,50.0,0
msme_sakhi_001,2026-05-01,electricity,3709.92,50.0,0
msme_sakhi_001,2026-06-01,electricity,3685.97,50.0,0
msme_techmart_003,2024-07-01,electricity,1065.98,25.0,0
msme_techmart_003,2024-08-01,electricity,936.89,25.0,0
msme_techmart_003,2024-09-01,electricity,1026.45,25.0,0
msme_techmart_003,2024-10-01,electricity,1085.57,25.0,0
msme_techmart_003,2024-11-01,electricity,1114.13,25.0,0
msme_techmart_003,2024-12-01,electricity,1218.33,25.0,0
msme_techmart_003,2025-01-01,electricity,1249.54,25.0,0
msme_techmart_003,2025-02-01,electricity,1398.85,25.0,0
msme_techmart_003,2025-03-01,electricity,1380.08,25.0,0
msme_techmart_003,2025-04-01,electricity,1388.77,25.0,0
msme_techmart_003,2025-05-01,electricity,1337.78,25.0,0
msme_techmart_003,2025-06-01,electricity,1261.93,25.0,0
msme_techmart_003,2025-07-01,electricity,1138.37,25.0,0
msme_techmart_003,2025-08-01,electricity,1033.86,25.0,0
msme_techmart_003,2025-09-01,electricity,1038.07,25.0,0
msme_techmart_003,2025-10-01,electricity,1011.06,25.0,0
msme_techmart_003,2025-11-01,electricity,1018.49,25.0,0
msme_techmart_003,2025-12-01,electricity,1112.53,25.0,0
msme_techmart_003,2026-01-01,electricity,1277.25,25.0,0
msme_techmart_003,2026-02-01,electricity,1331.12,25.0,0
msme_techmart_003,2026-03-01,electricity,1428.07,25.0,0
msme_techmart_003,2026-04-01,electricity,1394.96,25.0,0
msme_techmart_003,2026-05-01,electricity,1304.78,25.0,0
msme_techmart_003,2026-06-01,electricity,1281.4,25.0,0
